{
  "users": [
    {
      "id": 1,
      "username": "duncan",
      "password": "ilove-react"
    },
    {
      "id": 2,
      "username": "sarah",
      "password": "123pass"
    },
    {
      "id": 3,
      "username": "admin",
      "password": "pass2023"
    },
    {
      "username": "test2",
      "password": "java4backend",
      "id": 4
    }
  ],
  "products": [
    {
      "id": 1,
      "name": "Spanner",
      "price": 3
    },
    {
      "id": 2,
      "name": "Hammer",
      "price": 2.99
    },
    {
      "id": 3,
      "name": "Screw driver",
      "price": 1.20
    },
    {
      "id": 4,
      "name": "Paint brush",
      "price": 3
    },
    {
      "id": 5,
      "name": "Paint roller",
      "price": 5
    },
    {
      "id": 6,
      "name": "Paint",
      "price": 60
    }
  ]
}
